food_code,name
14-896,"Almonds, whole kernels"
16-448,"Anchovies, canned in oil, drained"
17-851,"Apple sauce, homemade"
14-319,"Apples, eating, raw, flesh and skin"
14-031,"Apricots, dried"
13-153,"Artichoke, globe, raw"
13-157,"Asparagus, raw"
13-161,"Aubergine, raw"
14-039,"Avocado, Fuerte, flesh only"
19-500,"Bacon rashers, back, grilled"
19-018,"Bacon rashers, streaky, grilled"
11-970,"Bagels, plain"
13-532,"Baked beans, canned in tomato sauce"
14-318,"Bananas, flesh only"
17-705,Barbecue sauce
11-003,"Barley, pearl, boiled"
13-804,"Basil, fresh"
13-559,"Beans, butter, canned, re-heated, drained"
13-666,"Beans, cannellini, canned, re-heated, drained"
13-670,"Beans, chick peas, canned, re-heated, drained"
13-667,"Beans, edamame, frozen, boiled in unsalted water"
13-515,"Beans, green, boiled in unsalted water"
13-665,"Beans, haricot, canned, re-heated, drained"
13-660,"Beans, red kidney, canned in water, re-heated, drained"
13-580,"Beansprouts, mung, boiled in unsalted water"
18-006,"Beef, braising steak, raw, lean"
18-012,"Beef, brisket, raw, lean"
18-016,"Beef, fillet steak, raw, lean"
18-469,"Beef, mince, raw"
18-043,"Beef, rump steak, raw, lean"
18-054,"Beef, silverside, raw, lean"
18-064,"Beef, sirloin steak, raw, lean"
13-164,"Beetroot, raw"
19-113,"Black pudding, raw"
14-388,"Blackberries, raw"
14-053,"Blackcurrants, raw"
14-325,Blueberries
14-871,"Brazil nuts, kernel only"
11-983,"Bread rolls, brown, soft"
11-1006,"Bread rolls, white, soft"
11-971,"Bread, brown, average"
11-969,"Bread, ciabatta"
11-973,"Bread, naan, retail"
11-974,"Bread, pitta, white"
11-1145,"Bread, white, average"
11-981,"Bread, wholemeal, average"
11-763,"Breakfast cereal, bran flakes, fortified"
11-742,"Breakfast cereal, cornflakes, fortified"
11-779,"Breakfast cereal, fruit and fibre type, fortified"
11-755,"Breakfast cereal, honey loops and hoops, including Honey and Nut Cheerios, fortified"
11-757,"Breakfast cereal, puffed wheat, honey coated, fortified"
11-778,"Breakfast cereal, Shredded Wheat, honey nut, Nestle"
11-773,"Breakfast cereal, wheat biscuits, Weetabix type, fortified"
13-502,"Broccoli, green, raw"
17-678,"Brown sauce, reduced salt/sugar"
13-177,"Brussels sprouts, raw"
19-651,"Burger, beef, 62-85% beef, raw"
18-502,"Burger, chicken/turkey, coated, retail, grilled"
17-685,"Butter, salted"
17-655,"Butter, spreadable (75-80% fat)"
17-661,"Butter, unsalted"
13-187,"Cabbage, Chinese, raw"
13-510,"Cabbage, green, raw"
13-190,"Cabbage, red, raw"
13-509,"Cabbage, white, raw"
13-496,"Carrots, old, raw"
13-448,"Carrots, young, raw"
14-811,"Cashew nuts, kernel only, plain"
13-512,"Cauliflower, raw"
13-636,"Celery, raw"
12-537,"Cheese spread, plain, reduced fat"
12-344,"Cheese, Brie, with outer rind removed"
12-345,"Cheese, Camembert"
12-548,"Cheese, Cheddar type, '30% less fat'"
12-346,"Cheese, Cheddar, English"
12-539,"Cheese, cottage, plain"
12-487,"Cheese, Double Gloucester"
12-355,"Cheese, Edam"
12-493,"Cheese, Emmental"
12-525,"Cheese, Feta"
12-357,"Cheese, goats milk, full fat, soft, white rind"
12-358,"Cheese, Gouda"
12-496,"Cheese, Halloumi"
12-490,"Cheese, Mascarpone"
12-360,"Cheese, Mozzarella, fresh"
12-526,"Cheese, Parmesan, fresh"
12-174,"Cheese, Quark"
12-485,"Cheese, Red Leicester"
12-367,"Cheese, Stilton, blue"
14-382,"Cherries, flesh and skin, raw"
19-538,Chicken slices
19-541,"Chicken wings, marinated, meat and skin, barbecued"
18-323,"Chicken, breast, grilled without skin, meat only"
18-335,"Chicken, drumsticks, roasted, meat and skin"
18-317,"Chicken, thighs, casseroled, meat and skin"
17-659,Chocolate spread
17-648,"Chocolate, milk"
17-491,"Chocolate, plain"
17-091,"Chocolate, white"
19-516,Chorizo
14-326,"Citrus fruit, soft/easy peelers, flesh only"
12-545,Cocoa powder
14-820,Coconut milk
14-890,"Coconut milk, reduced fat, retail"
14-873,"Coconut, desiccated"
16-372,"Cod, flesh only, raw"
16-369,"Cod, in batter, baked"
16-370,"Cod, in breadcrumbs, baked"
15-635,"Coleslaw, not low calorie, retail"
15-636,"Coleslaw, with reduced calorie dressing, retail"
19-128,"Corned beef, canned"
13-627,"Courgette, raw"
11-901,"Couscous, plain, raw"
11-820,Cream crackers
12-339,"Cream, dairy, UHT, half fat, canned spray"
12-334,"Cream, fresh, double, including Jersey cream"
12-332,"Cream, fresh, single"
12-335,"Creme fraiche, full fat"
12-336,"Creme fraiche, half fat"
11-822,"Crispbread, rye"
11-988,Croissants
11-989,"Crumpets, toasted"
13-523,"Cucumber, raw, flesh and skin"
13-234,"Curly kale, raw"
12-519,"Custard, made up with semi-skimmed milk"
12-574,"Custard, made up with skimmed milk"
12-575,"Custard, made up with whole milk"
12-543,"Custard, ready to eat, canned and tetra-pak"
14-394,"Dates, dried, flesh and skin"
17-701,"Dressing, French"
14-087,Dried mixed fruit
18-489,"Duck, meat only, raw"
12-945,"Eggs, chicken, scrambled, with semi-skimmed milk"
12-940,"Eggs, chicken, whole, boiled"
12-944,"Eggs, chicken, whole, fried in sunflower oil"
12-937,"Eggs, chicken, whole, raw"
12-963,"Eggs, chicken, whole, scrambled, without milk"
14-091,"Figs, whole green fruit, raw"
16-405,"Fish fingers, cod, grilled/baked"
11-892,"Flour, wheat, brown"
11-886,"Flour, wheat, white, plain, soft"
11-889,"Flour, wheat, wholemeal"
19-495,Frankfurter
13-244,"Garlic, raw"
13-246,"Gherkins, pickled, drained"
13-890,"Ginger, fresh"
14-384,"Grapefruit, flesh only, raw"
14-350,"Grapes, average"
17-724,Gravy instant granules
16-375,"Haddock, flesh only, raw"
19-132,"Haggis, boiled"
19-496,Ham
19-020,"Ham, gammon joint, raw"
16-183,"Herring, pickled"
17-800,"Hollandaise sauce, homemade"
13-556,Houmous
13-259,"Jackfruit, raw"
16-397,"Kippers, flesh only, grilled"
14-371,"Kiwi fruit, flesh only, raw"
18-132,"Lamb, leg joint, roasted, lean and fat"
18-141,"Lamb, loin chops, grilled, lean"
18-481,"Lamb, mince, raw"
13-624,"Leeks, raw"
14-277,"Lemon juice, fresh"
13-661,"Lentils, green and brown, whole, dried, boiled in unsalted water"
13-658,"Lentils, red, split, dried, boiled in unsalted water"
13-520,"Lettuce, average, raw"
14-279,"Lime juice, fresh"
16-394,"Mackerel, flesh only, grilled"
14-378,"Mangoes, ripe, flesh only, raw"
17-114,Marshmallows
17-679,"Mayonnaise, reduced fat"
14-354,"Melon, flesh only, average"
12-313,"Milk, semi-skimmed, pasteurised, average"
12-307,"Milk, skimmed, pasteurised, average"
12-596,"Milk, whole, pasteurised, average"
13-505,"Mushrooms, white, raw"
14-380,"Nectarines, flesh and skin, raw"
11-941,"Noodles, egg, fine, dried, boiled in unsalted water"
11-724,"Noodles, egg, medium, dried, boiled in unsalted water"
11-942,"Noodles, egg, thick, dried, boiled in unsalted water"
11-823,"Oatcakes, plain, retail"
17-033,"Oil, corn"
17-041,"Oil, rapeseed"
17-045,"Oil, sunflower"
17-686,"Oil, vegetable, average"
14-340,"Olives, green, in brine, drained, flesh and skin"
13-499,"Onions, raw"
14-327,"Oranges, flesh only"
13-516,"Pak choi, steamed"
14-390,"Papaya, flesh only, raw"
13-312,"Parsnip, raw"
11-732,"Pasta, egg, fresh, filled with meat, boiled in unsalted water"
11-716,"Pasta, white, dried, raw"
11-718,"Pasta, wholewheat, spaghetti, dried, raw"
19-317,"Pate, liver"
14-892,"Peanut butter, smooth"
14-365,"Pears, average, raw, flesh only"
13-122,"Peas, mange-tout, raw"
13-562,"Peas, marrowfat, canned, re-heated, drained"
13-438,"Peas, raw"
13-524,"Pepper, capsicum, red, raw"
14-211,"Pineapple, canned in juice, whole contents"
14-376,"Pineapple, flesh only, raw"
11-1016,"Pizza base, raw"
18-556,"Pork, belly joint/slices, grilled, lean and fat"
18-527,"Pork, diced, casseroled, lean"
18-601,"Pork, hand, shoulder joint, raw, lean"
18-534,"Pork, loin chops, grilled, lean"
18-606,"Pork, mince, raw"
18-551,"Pork, shoulder steaks (collar), grilled, lean and fat"
19-670,"Pork, spare ribs, 'barbecue style', homemade"
11-1108,"Porridge, made with whole milk"
13-615,"Potato powder, instant, made up with semi-skimmed milk"
13-483,"Potato wedges, retail, cooked"
13-610,"Potatoes, new and salad, boiled in salted water, flesh and skin"
13-489,"Potatoes, old, raw, flesh only"
16-387,"Prawns, king, raw"
14-843,"Quinoa, raw"
13-574,"Quorn, pieces, as purchased"
13-656,"Radish, red, flesh and skin, raw"
14-393,"Raisins, dried"
14-375,"Raspberries, raw"
17-354,"Relish, tomato based"
14-252,"Rhubarb, stems only, raw"
11-867,"Rice, brown, basmati, boiled in unsalted water"
11-858,"Rice, white, basmati, boiled in unsalted water"
13-522,"Rocket, raw"
17-704,"Salad cream, reduced fat"
15-874,"Salad, potato, with mayonnaise"
19-517,Salami
16-356,"Salmon, farmed, flesh only, raw"
16-424,"Sardines, canned in brine, drained"
13-336,Sauerkraut
19-656,"Sausages, beef, raw"
19-510,"Sausages, pork, raw"
16-409,"Scampi, coated in breadcrumbs, baked"
19-518,"Scotch eggs, retail"
13-339,"Seaweed, kombu, dried, raw"
14-844,Sesame seeds
13-342,"Shallots, raw"
17-721,"Soy sauce, light and dark varieties"
13-521,"Spinach, baby, raw"
13-348,"Spring greens, raw"
13-352,"Spring onions, bulbs and tops, raw"
13-355,"Squash, butternut, raw"
17-515,"Stock cubes, beef"
17-726,"Stock cubes, chicken"
17-727,"Stock cubes, vegetable"
14-324,"Strawberries, raw"
17-060,"Sugar, brown"
17-063,"Sugar, white"
14-845,Sunflower seeds
13-359,"Swede, flesh only, raw"
13-463,"Sweet potato, raw, flesh only"
13-529,"Sweetcorn kernels, canned in water, drained"
13-634,"Sweetcorn, baby, boiled in unsalted water"
17-065,"Syrup, golden"
13-570,"Tofu, soya bean, steamed"
13-531,Tomato puree
50-1173,"Tomato sauce, homemade"
13-530,"Tomatoes, canned, whole contents"
13-517,"Tomatoes, standard, raw"
17-644,Tortilla chips fried in sunflower oil
11-925,"Tortilla, wheat, soft"
16-416,"Tuna, canned in brine, drained"
16-399,"Tuna, flesh only, raw"
19-543,Turkey slices
18-354,"Turkey, mince, stewed"
13-389,"Turnip, flesh only, raw"
12-547,Tzatziki
15-656,"Vegeburger, retail, grilled"
13-669,"Watercress, raw"
17-667,"White sauce, savoury, made with semi-skimmed milk, homemade"
17-723,Worcestershire sauce
12-555,"Yogurt, Greek style, plain"
